{
  "timestamp": "2026-02-14T18:21:22.980Z",
  "description": "Comprehensive judge bias analysis using enriched master dataset",
  "datasetSummary": {
    "clean": 15,
    "strategic_skip": 1,
    "wipeout": 9,
    "crash": 10,
    "did_not_improve": 1
  },
  "reliefBias": {
    "baseline": 86.35,
    "afterCrash": {
      "count": 14,
      "mean": 86.98214285714286
    },
    "noCrashContext": {
      "count": 1,
      "mean": 77.5
    },
    "byCrashCount": {
      "1": [
        87.5,
        76,
        70.25
      ],
      "3": [
        91,
        88
      ],
      "4": [
        92,
        86.5
      ],
      "5": [
        90
      ],
      "6": [
        91,
        92,
        90,
        75
      ],
      "7": [
        95,
        93.5
      ]
    }
  },
  "perJudgeRelief": {
    "1": {
      "afterMean": 86.92857142857143,
      "noCtxMean": 78,
      "relief": 8.92857142857143,
      "afterN": 14,
      "noCtxN": 1
    },
    "2": {
      "afterMean": 86.64285714285714,
      "noCtxMean": 77,
      "relief": 9.642857142857139,
      "afterN": 14,
      "noCtxN": 1
    },
    "3": {
      "afterMean": 87.28571428571429,
      "noCtxMean": 78,
      "relief": 9.285714285714292,
      "afterN": 14,
      "noCtxN": 1
    },
    "4": {
      "afterMean": 86.64285714285714,
      "noCtxMean": 77,
      "relief": 9.642857142857139,
      "afterN": 14,
      "noCtxN": 1
    },
    "5": {
      "afterMean": 87.14285714285714,
      "noCtxMean": 79,
      "relief": 8.142857142857139,
      "afterN": 14,
      "noCtxN": 1
    },
    "6": {
      "afterMean": 86.71428571428571,
      "noCtxMean": 77,
      "relief": 9.714285714285708,
      "afterN": 14,
      "noCtxN": 1
    }
  },
  "consensusAnalysis": {
    "afterCrashAvgSpread": 2,
    "noContextAvgSpread": 2
  }
}